Entity,Code,Year,Prevalence of current tobacco use (% of adults),Continent,Prevalence of current tobacco use (% of adults),Year
Abkhazia,OWID_ABK,2015,,Asia,,
Afghanistan,AFG,2000,36.9,,23.8,2018
Afghanistan,AFG,2005,32.7,,23.8,2018
Afghanistan,AFG,2010,29.1,,23.8,2018
Afghanistan,AFG,2015,26,Asia,23.8,2018
Afghanistan,AFG,2018,23.8,,23.8,2018
Afghanistan,AFG,2019,23.8,,23.8,2018
Afghanistan,AFG,2020,23.3,,23.8,2018
Akrotiri and Dhekelia,OWID_AKD,2015,,Asia,,
Aland Islands,ALA,2015,,Europe,,
Albania,ALB,2000,35,,23,2018
Albania,ALB,2005,31.3,,23,2018
Albania,ALB,2010,28,,23,2018
Albania,ALB,2015,25.1,Europe,23,2018
Albania,ALB,2018,23,,23,2018
Albania,ALB,2019,23,,23,2018
Albania,ALB,2020,22.4,,23,2018
Algeria,DZA,2000,22.2,,21,2018
Algeria,DZA,2005,21.8,,21,2018
Algeria,DZA,2010,21.5,,21,2018
Algeria,DZA,2015,21.1,Africa,21,2018
Algeria,DZA,2018,21,,21,2018
Algeria,DZA,2019,21,,21,2018
Algeria,DZA,2020,21,,21,2018
American Samoa,ASM,2015,,Oceania,,
Andorra,AND,2000,35.9,,32,2018
Andorra,AND,2005,34.8,,32,2018
Andorra,AND,2010,34,,32,2018
Andorra,AND,2015,33,Europe,32,2018
Andorra,AND,2018,32,,32,2018
Andorra,AND,2019,32,,32,2018
Andorra,AND,2020,31.8,,32,2018
Angola,AGO,2015,,Africa,,
Anguilla,AIA,2015,,North America,,
Antarctica,ATA,2015,,Antarctica,,
Antigua and Barbuda,ATG,2015,,North America,,
Argentina,ARG,2000,34,,24.9,2018
Argentina,ARG,2005,31.5,,24.9,2018
Argentina,ARG,2010,28.9,,24.9,2018
Argentina,ARG,2015,26.6,South America,24.9,2018
Argentina,ARG,2018,24.9,,24.9,2018
Argentina,ARG,2019,24.9,,24.9,2018
Argentina,ARG,2020,24.5,,24.9,2018
Armenia,ARM,2000,32,,25.8,2018
Armenia,ARM,2005,30.3,,25.8,2018
Armenia,ARM,2010,28.6,,25.8,2018
Armenia,ARM,2015,26.9,Asia,25.8,2018
Armenia,ARM,2018,25.8,,25.8,2018
Armenia,ARM,2019,25.8,,25.8,2018
Armenia,ARM,2020,25.5,,25.8,2018
Aruba,ABW,2015,,North America,,
Australia,AUS,2000,24.4,,14,2018
Australia,AUS,2005,21.1,,14,2018
Australia,AUS,2010,18.2,,14,2018
Australia,AUS,2015,15.7,Oceania,14,2018
Australia,AUS,2018,14,,14,2018
Australia,AUS,2019,14,,14,2018
Australia,AUS,2020,13.6,,14,2018
Austria,AUT,2000,52.3,,27.1,2018
Austria,AUT,2005,43.8,,27.1,2018
Austria,AUT,2010,37.1,,27.1,2018
Austria,AUT,2015,31.2,Europe,27.1,2018
Austria,AUT,2018,27.1,,27.1,2018
Austria,AUT,2019,27.1,,27.1,2018
Austria,AUT,2020,26.4,,27.1,2018
Austria-Hungary,OWID_AUH,2015,,Europe,,
Azerbaijan,AZE,2000,28.7,,24.2,2018
Azerbaijan,AZE,2005,27.6,,24.2,2018
Azerbaijan,AZE,2010,26.2,,24.2,2018
Azerbaijan,AZE,2015,25.2,Asia,24.2,2018
Azerbaijan,AZE,2018,24.2,,24.2,2018
Azerbaijan,AZE,2019,24.2,,24.2,2018
Azerbaijan,AZE,2020,24,,24.2,2018
Baden,OWID_BAD,2015,,Europe,,
Bahamas,BHS,2000,10.7,,10.7,2018
Bahamas,BHS,2005,10.7,,10.7,2018
Bahamas,BHS,2010,10.7,,10.7,2018
Bahamas,BHS,2015,10.6,North America,10.7,2018
Bahamas,BHS,2018,10.7,,10.7,2018
Bahamas,BHS,2019,10.7,,10.7,2018
Bahamas,BHS,2020,10.6,,10.7,2018
Bahrain,BHR,2000,22.2,,15.2,2018
Bahrain,BHR,2005,20,,15.2,2018
Bahrain,BHR,2010,18.1,,15.2,2018
Bahrain,BHR,2015,16.4,Asia,15.2,2018
Bahrain,BHR,2018,15.2,,15.2,2018
Bahrain,BHR,2019,15.2,,15.2,2018
Bahrain,BHR,2020,14.9,,15.2,2018
Bangladesh,BGD,2000,57.6,,35.2,2018
Bangladesh,BGD,2005,50.3,,35.2,2018
Bangladesh,BGD,2010,44,,35.2,2018
Bangladesh,BGD,2015,38.9,Asia,35.2,2018
Bangladesh,BGD,2018,35.2,,35.2,2018
Bangladesh,BGD,2019,35.2,,35.2,2018
Bangladesh,BGD,2020,34.7,,35.2,2018
Barbados,BRB,2000,10.2,,8.5,2018
Barbados,BRB,2005,9.7,,8.5,2018
Barbados,BRB,2010,9.2,,8.5,2018
Barbados,BRB,2015,8.8,North America,8.5,2018
Barbados,BRB,2018,8.5,,8.5,2018
Barbados,BRB,2019,8.5,,8.5,2018
Barbados,BRB,2020,8.5,,8.5,2018
Bavaria,OWID_BAV,2015,,Europe,,
Belarus,BLR,2000,41.8,,30.9,2018
Belarus,BLR,2005,38.8,,30.9,2018
Belarus,BLR,2010,35.8,,30.9,2018
Belarus,BLR,2015,33,Europe,30.9,2018
Belarus,BLR,2018,30.9,,30.9,2018
Belarus,BLR,2019,30.9,,30.9,2018
Belarus,BLR,2020,30.5,,30.9,2018
Belgium,BEL,2000,33.4,,23.9,2018
Belgium,BEL,2005,30.5,,23.9,2018
Belgium,BEL,2010,28,,23.9,2018
Belgium,BEL,2015,25.7,Europe,23.9,2018
Belgium,BEL,2018,23.9,,23.9,2018
Belgium,BEL,2019,23.9,,23.9,2018
Belgium,BEL,2020,23.4,,23.9,2018
Belize,BLZ,2000,15,,8.8,2018
Belize,BLZ,2005,13,,8.8,2018
Belize,BLZ,2010,11.3,,8.8,2018
Belize,BLZ,2015,9.7,North America,8.8,2018
Belize,BLZ,2018,8.8,,8.8,2018
Belize,BLZ,2019,8.8,,8.8,2018
Belize,BLZ,2020,8.5,,8.8,2018
Benin,BEN,2000,16.7,,7.2,2018
Benin,BEN,2005,13.4,,7.2,2018
Benin,BEN,2010,10.7,,7.2,2018
Benin,BEN,2015,8.6,Africa,7.2,2018
Benin,BEN,2018,7.2,,7.2,2018
Benin,BEN,2019,7.2,,7.2,2018
Benin,BEN,2020,6.9,,7.2,2018
Bermuda,BMU,2015,,North America,,
Bhutan,BTN,2015,,Asia,,
Bolivia,BOL,2000,32.1,,13.2,2018
Bolivia,BOL,2005,24.9,,13.2,2018
Bolivia,BOL,2010,19.5,,13.2,2018
Bolivia,BOL,2015,15.6,South America,13.2,2018
Bolivia,BOL,2018,13.2,,13.2,2018
Bolivia,BOL,2019,13.2,,13.2,2018
Bolivia,BOL,2020,12.7,,13.2,2018
Bonaire Sint Eustatius and Saba,BES,2015,,North America,,
Bosnia and Herzegovina,BIH,2000,46.6,,35.5,2018
Bosnia and Herzegovina,BIH,2005,43.4,,35.5,2018
Bosnia and Herzegovina,BIH,2010,40.3,,35.5,2018
Bosnia and Herzegovina,BIH,2015,37.7,Europe,35.5,2018
Bosnia and Herzegovina,BIH,2018,35.5,,35.5,2018
Bosnia and Herzegovina,BIH,2019,35.5,,35.5,2018
Bosnia and Herzegovina,BIH,2020,35,,35.5,2018
Botswana,BWA,2000,33.2,,19.8,2018
Botswana,BWA,2005,28.5,,19.8,2018
Botswana,BWA,2010,24.8,,19.8,2018
Botswana,BWA,2015,21.7,Africa,19.8,2018
Botswana,BWA,2018,19.8,,19.8,2018
Botswana,BWA,2019,19.8,,19.8,2018
Botswana,BWA,2020,19.4,,19.8,2018
Bouvet Island,BVT,2015,,Antarctica,,
Brazil,BRA,2000,23.8,,13.2,2018
Brazil,BRA,2005,20.4,,13.2,2018
Brazil,BRA,2010,17.4,,13.2,2018
Brazil,BRA,2015,14.9,South America,13.2,2018
Brazil,BRA,2018,13.2,,13.2,2018
Brazil,BRA,2019,13.2,,13.2,2018
Brazil,BRA,2020,12.8,,13.2,2018
British Indian Ocean Territory,IOT,2015,,Asia,,
British Virgin Islands,VGB,2015,,North America,,
Brunei,BRN,2000,16.7,,16.2,2018
Brunei,BRN,2005,16.5,,16.2,2018
Brunei,BRN,2010,16.4,,16.2,2018
Brunei,BRN,2015,16.3,Asia,16.2,2018
Brunei,BRN,2018,16.2,,16.2,2018
Brunei,BRN,2019,16.2,,16.2,2018
Brunei,BRN,2020,16.2,,16.2,2018
Bulgaria,BGR,2000,47.5,,39.4,2018
Bulgaria,BGR,2005,45,,39.4,2018
Bulgaria,BGR,2010,42.9,,39.4,2018
Bulgaria,BGR,2015,40.7,Europe,39.4,2018
Bulgaria,BGR,2018,39.4,,39.4,2018
Bulgaria,BGR,2019,39.4,,39.4,2018
Bulgaria,BGR,2020,39,,39.4,2018
Burkina Faso,BFA,2000,29.8,,14.9,2018
Burkina Faso,BFA,2005,24.7,,14.9,2018
Burkina Faso,BFA,2010,20.5,,14.9,2018
Burkina Faso,BFA,2015,17,Africa,14.9,2018
Burkina Faso,BFA,2018,14.9,,14.9,2018
Burkina Faso,BFA,2019,14.9,,14.9,2018
Burkina Faso,BFA,2020,14.3,,14.9,2018
Burundi,BDI,2000,24,,12.2,2018
Burundi,BDI,2005,19.8,,12.2,2018
Burundi,BDI,2010,16.6,,12.2,2018
Burundi,BDI,2015,13.9,Africa,12.2,2018
Burundi,BDI,2018,12.2,,12.2,2018
Burundi,BDI,2019,12.2,,12.2,2018
Burundi,BDI,2020,11.8,,12.2,2018
Cambodia,KHM,2000,42.3,,21.9,2018
Cambodia,KHM,2005,36,,21.9,2018
Cambodia,KHM,2010,30.1,,21.9,2018
Cambodia,KHM,2015,25.2,Asia,21.9,2018
Cambodia,KHM,2018,21.9,,21.9,2018
Cambodia,KHM,2019,21.9,,21.9,2018
Cambodia,KHM,2020,21.1,,21.9,2018
Cameroon,CMR,2000,12.8,,7.5,2018
Cameroon,CMR,2005,11.2,,7.5,2018
Cameroon,CMR,2010,9.7,,7.5,2018
Cameroon,CMR,2015,8.4,Africa,7.5,2018
Cameroon,CMR,2018,7.5,,7.5,2018
Cameroon,CMR,2019,7.5,,7.5,2018
Cameroon,CMR,2020,7.3,,7.5,2018
Canada,CAN,2000,28.4,,13.6,2018
Canada,CAN,2005,23.3,,13.6,2018
Canada,CAN,2010,19.3,,13.6,2018
Canada,CAN,2015,15.8,North America,13.6,2018
Canada,CAN,2018,13.6,,13.6,2018
Canada,CAN,2019,13.6,,13.6,2018
Canada,CAN,2020,13,,13.6,2018
Cape Verde,CPV,2000,20.6,,11.7,2018
Cape Verde,CPV,2005,17.8,,11.7,2018
Cape Verde,CPV,2010,15.2,,11.7,2018
Cape Verde,CPV,2015,13.1,Africa,11.7,2018
Cape Verde,CPV,2018,11.7,,11.7,2018
Cape Verde,CPV,2019,11.7,,11.7,2018
Cape Verde,CPV,2020,11.4,,11.7,2018
Cayman Islands,CYM,2015,,North America,,
Central African Republic,CAF,2015,,Africa,,
Chad,TCD,2000,13.9,,8.5,2018
Chad,TCD,2005,12.2,,8.5,2018
Chad,TCD,2010,10.7,,8.5,2018
Chad,TCD,2015,9.4,Africa,8.5,2018
Chad,TCD,2018,8.5,,8.5,2018
Chad,TCD,2019,8.5,,8.5,2018
Chad,TCD,2020,8.3,,8.5,2018
Channel Islands,OWID_CIS,2015,,Europe,,
Chile,CHL,2000,46.9,,29.9,2018
Chile,CHL,2005,41.7,,29.9,2018
Chile,CHL,2010,37.1,,29.9,2018
Chile,CHL,2015,32.9,South America,29.9,2018
Chile,CHL,2018,29.9,,29.9,2018
Chile,CHL,2019,29.9,,29.9,2018
Chile,CHL,2020,29.2,,29.9,2018
China,CHN,2000,26.7,,25.7,2018
China,CHN,2005,26.6,,25.7,2018
China,CHN,2010,26.2,,25.7,2018
China,CHN,2015,25.9,Asia,25.7,2018
China,CHN,2018,25.7,,25.7,2018
China,CHN,2019,25.7,,25.7,2018
China,CHN,2020,25.6,,25.7,2018
Christmas Island,CXR,2015,,Asia,,
Cocos Islands,CCK,2015,,Asia,,
Colombia,COL,2000,15.1,,8.8,2018
Colombia,COL,2005,13.2,,8.8,2018
Colombia,COL,2010,11.4,,8.8,2018
Colombia,COL,2015,9.9,South America,8.8,2018
Colombia,COL,2018,8.8,,8.8,2018
Colombia,COL,2019,8.8,,8.8,2018
Colombia,COL,2020,8.5,,8.8,2018
Comoros,COM,2000,39.5,,20.8,2018
Comoros,COM,2005,32.8,,20.8,2018
Comoros,COM,2010,27.7,,20.8,2018
Comoros,COM,2015,23.5,Africa,20.8,2018
Comoros,COM,2018,20.8,,20.8,2018
Comoros,COM,2019,20.8,,20.8,2018
Comoros,COM,2020,20.3,,20.8,2018
Congo,COG,2000,11.9,,14.3,2018
Congo,COG,2005,12.2,,14.3,2018
Congo,COG,2010,12.8,,14.3,2018
Congo,COG,2015,13.5,Africa,14.3,2018
Congo,COG,2018,14.3,,14.3,2018
Congo,COG,2019,14.3,,14.3,2018
Congo,COG,2020,14.5,,14.3,2018
Cook Islands,COK,2015,,Oceania,,
Costa Rica,CRI,2000,18,,9.1,2018
Costa Rica,CRI,2005,15,,9.1,2018
Costa Rica,CRI,2010,12.6,,9.1,2018
Costa Rica,CRI,2015,10.5,North America,9.1,2018
Costa Rica,CRI,2018,9.1,,9.1,2018
Costa Rica,CRI,2019,9.1,,9.1,2018
Costa Rica,CRI,2020,8.8,,9.1,2018
Cote d'Ivoire,CIV,2000,18.7,,9.7,2018
Cote d'Ivoire,CIV,2005,15.8,,9.7,2018
Cote d'Ivoire,CIV,2010,13.2,,9.7,2018
Cote d'Ivoire,CIV,2015,11.1,Africa,9.7,2018
Cote d'Ivoire,CIV,2018,9.7,,9.7,2018
Cote d'Ivoire,CIV,2019,9.7,,9.7,2018
Cote d'Ivoire,CIV,2020,9.4,,9.7,2018
Croatia,HRV,2000,34.4,,36.7,2018
Croatia,HRV,2005,34.9,,36.7,2018
Croatia,HRV,2010,35.4,,36.7,2018
Croatia,HRV,2015,36.1,Europe,36.7,2018
Croatia,HRV,2018,36.7,,36.7,2018
Croatia,HRV,2019,36.7,,36.7,2018
Croatia,HRV,2020,36.9,,36.7,2018
Cuba,CUB,2000,40.8,,18.7,2018
Cuba,CUB,2005,33.2,,18.7,2018
Cuba,CUB,2010,27,,18.7,2018
Cuba,CUB,2015,22,North America,18.7,2018
Cuba,CUB,2018,18.7,,18.7,2018
Cuba,CUB,2019,18.7,,18.7,2018
Cuba,CUB,2020,17.9,,18.7,2018
Curacao,CUW,2015,,North America,,
Cyprus,CYP,2000,40.9,,35.5,2018
Cyprus,CYP,2005,39.2,,35.5,2018
Cyprus,CYP,2010,37.7,,35.5,2018
Cyprus,CYP,2015,36.4,Europe,35.5,2018
Cyprus,CYP,2018,35.5,,35.5,2018
Cyprus,CYP,2019,35.5,,35.5,2018
Cyprus,CYP,2020,35.1,,35.5,2018
Czechia,CZE,2000,34.2,,30.9,2018
Czechia,CZE,2005,33.4,,30.9,2018
Czechia,CZE,2010,32.3,,30.9,2018
Czechia,CZE,2015,31.4,Europe,30.9,2018
Czechia,CZE,2018,30.9,,30.9,2018
Czechia,CZE,2019,30.9,,30.9,2018
Czechia,CZE,2020,30.7,,30.9,2018
Czechoslovakia,OWID_CZS,2015,,Europe,,
Democratic Republic of Congo,COD,2000,18.8,,13,2018
Democratic Republic of Congo,COD,2005,16.9,,13,2018
Democratic Republic of Congo,COD,2010,15.4,,13,2018
Democratic Republic of Congo,COD,2015,14,Africa,13,2018
Democratic Republic of Congo,COD,2018,13,,13,2018
Democratic Republic of Congo,COD,2019,13,,13,2018
Democratic Republic of Congo,COD,2020,12.8,,13,2018
Denmark,DNK,2000,37.3,,18.1,2018
Denmark,DNK,2005,30.8,,18.1,2018
Denmark,DNK,2010,25.5,,18.1,2018
Denmark,DNK,2015,21.1,Europe,18.1,2018
Denmark,DNK,2018,18.1,,18.1,2018
Denmark,DNK,2019,18.1,,18.1,2018
Denmark,DNK,2020,17.5,,18.1,2018
Djibouti,DJI,2015,,Africa,,
Dominica,DMA,2015,,North America,,
Dominican Republic,DOM,2000,18.7,,10.9,2018
Dominican Republic,DOM,2005,16.1,,10.9,2018
Dominican Republic,DOM,2010,13.9,,10.9,2018
Dominican Republic,DOM,2015,12.2,North America,10.9,2018
Dominican Republic,DOM,2018,10.9,,10.9,2018
Dominican Republic,DOM,2019,10.9,,10.9,2018
Dominican Republic,DOM,2020,10.6,,10.9,2018
East Asia and Pacific (WB),,2000,29.8359,,26.445005,2018
East Asia and Pacific (WB),,2005,28.880413,,26.445005,2018
East Asia and Pacific (WB),,2010,27.870008,,26.445005,2018
East Asia and Pacific (WB),,2015,27.027626,,26.445005,2018
East Asia and Pacific (WB),,2018,26.445005,,26.445005,2018
East Asia and Pacific (WB),,2019,26.453377,,26.445005,2018
East Asia and Pacific (WB),,2020,26.318007,,26.445005,2018
East Germany,OWID_GDR,2015,,Europe,,
East Timor,TLS,2000,53.5,,39.8,2018
East Timor,TLS,2005,49.5,,39.8,2018
East Timor,TLS,2010,46,,39.8,2018
East Timor,TLS,2015,42.5,Asia,39.8,2018
East Timor,TLS,2018,39.8,,39.8,2018
East Timor,TLS,2019,39.8,,39.8,2018
East Timor,TLS,2020,39.2,,39.8,2018
Ecuador,ECU,2000,18.4,,11.6,2018
Ecuador,ECU,2005,16.2,,11.6,2018
Ecuador,ECU,2010,14.5,,11.6,2018
Ecuador,ECU,2015,12.8,South America,11.6,2018
Ecuador,ECU,2018,11.6,,11.6,2018
Ecuador,ECU,2019,11.6,,11.6,2018
Ecuador,ECU,2020,11.3,,11.6,2018
Egypt,EGY,2000,24.3,,24.4,2018
Egypt,EGY,2005,24.1,,24.4,2018
Egypt,EGY,2010,24.3,,24.4,2018
Egypt,EGY,2015,24.3,Africa,24.4,2018
Egypt,EGY,2018,24.4,,24.4,2018
Egypt,EGY,2019,24.4,,24.4,2018
Egypt,EGY,2020,24.3,,24.4,2018
El Salvador,SLV,2000,15.9,,8.3,2018
El Salvador,SLV,2005,13.4,,8.3,2018
El Salvador,SLV,2010,11.3,,8.3,2018
El Salvador,SLV,2015,9.5,North America,8.3,2018
El Salvador,SLV,2018,8.3,,8.3,2018
El Salvador,SLV,2019,8.3,,8.3,2018
El Salvador,SLV,2020,7.9,,8.3,2018
Equatorial Guinea,GNQ,2015,,Africa,,
Eritrea,ERI,2000,13.3,,7.7,2018
Eritrea,ERI,2005,11.5,,7.7,2018
Eritrea,ERI,2010,10,,7.7,2018
Eritrea,ERI,2015,8.7,Africa,7.7,2018
Eritrea,ERI,2018,7.7,,7.7,2018
Eritrea,ERI,2019,7.7,,7.7,2018
Eritrea,ERI,2020,7.5,,7.7,2018
Estonia,EST,2000,46,,30.5,2018
Estonia,EST,2005,41.6,,30.5,2018
Estonia,EST,2010,37.2,,30.5,2018
Estonia,EST,2015,33.3,Europe,30.5,2018
Estonia,EST,2018,30.5,,30.5,2018
Estonia,EST,2019,30.5,,30.5,2018
Estonia,EST,2020,29.7,,30.5,2018
Eswatini,SWZ,2000,12.3,,9.3,2018
Eswatini,SWZ,2005,11.4,,9.3,2018
Eswatini,SWZ,2010,10.5,,9.3,2018
Eswatini,SWZ,2015,9.8,Africa,9.3,2018
Eswatini,SWZ,2018,9.3,,9.3,2018
Eswatini,SWZ,2019,9.3,,9.3,2018
Eswatini,SWZ,2020,9.2,,9.3,2018
Ethiopia,ETH,2000,6.8,,5.2,2018
Ethiopia,ETH,2005,6.3,,5.2,2018
Ethiopia,ETH,2010,5.9,,5.2,2018
Ethiopia,ETH,2015,5.5,Africa,5.2,2018
Ethiopia,ETH,2018,5.2,,5.2,2018
Ethiopia,ETH,2019,5.2,,5.2,2018
Ethiopia,ETH,2020,5.1,,5.2,2018
Ethiopia (former),OWID_ERE,2015,,Africa,,
Europe and Central Asia (WB),,2000,35.019684,,26.039196,2018
Europe and Central Asia (WB),,2005,32.164417,,26.039196,2018
Europe and Central Asia (WB),,2010,29.713573,,26.039196,2018
Europe and Central Asia (WB),,2015,27.550795,,26.039196,2018
Europe and Central Asia (WB),,2018,26.039196,,26.039196,2018
Europe and Central Asia (WB),,2019,26.033394,,26.039196,2018
Europe and Central Asia (WB),,2020,25.641453,,26.039196,2018
European Union (27),,2000,35.629383,,26.826242,2018
European Union (27),,2005,32.93414,,26.826242,2018
European Union (27),,2010,30.503813,,26.826242,2018
European Union (27),,2015,28.33987,,26.826242,2018
European Union (27),,2018,26.826242,,26.826242,2018
European Union (27),,2019,26.829733,,26.826242,2018
European Union (27),,2020,26.43176,,26.826242,2018
Falkland Islands,FLK,2015,,South America,,
Faroe Islands,FRO,2015,,Europe,,
Fiji,FJI,2000,32.3,,23.4,2018
Fiji,FJI,2005,29.7,,23.4,2018
Fiji,FJI,2010,27.4,,23.4,2018
Fiji,FJI,2015,25.1,Oceania,23.4,2018
Fiji,FJI,2018,23.4,,23.4,2018
Fiji,FJI,2019,23.4,,23.4,2018
Fiji,FJI,2020,23.1,,23.4,2018
Finland,FIN,2000,35.7,,22.2,2018
Finland,FIN,2005,31.4,,22.2,2018
Finland,FIN,2010,27.8,,22.2,2018
Finland,FIN,2015,24.5,Europe,22.2,2018
Finland,FIN,2018,22.2,,22.2,2018
Finland,FIN,2019,22.2,,22.2,2018
Finland,FIN,2020,21.6,,22.2,2018
France,FRA,2000,34.2,,33.6,2018
France,FRA,2005,34.1,,33.6,2018
France,FRA,2010,33.8,,33.6,2018
France,FRA,2015,33.7,Europe,33.6,2018
France,FRA,2018,33.6,,33.6,2018
France,FRA,2019,33.6,,33.6,2018
France,FRA,2020,33.4,,33.6,2018
French Guiana,GUF,2015,,South America,,
French Polynesia,PYF,2015,,Oceania,,
French Southern Territories,ATF,2015,,Antarctica,,
Gabon,GAB,2015,,Africa,,
Gambia,GMB,2000,22.5,,11.6,2018
Gambia,GMB,2005,18.8,,11.6,2018
Gambia,GMB,2010,15.8,,11.6,2018
Gambia,GMB,2015,13.3,Africa,11.6,2018
Gambia,GMB,2018,11.6,,11.6,2018
Gambia,GMB,2019,11.6,,11.6,2018
Gambia,GMB,2020,11.1,,11.6,2018
Georgia,GEO,2000,32.8,,31.7,2018
Georgia,GEO,2005,32.6,,31.7,2018
Georgia,GEO,2010,32.2,,31.7,2018
Georgia,GEO,2015,32,Asia,31.7,2018
Georgia,GEO,2018,31.7,,31.7,2018
Georgia,GEO,2019,31.7,,31.7,2018
Georgia,GEO,2020,31.7,,31.7,2018
Germany,DEU,2000,36.4,,22.5,2018
Germany,DEU,2005,32.1,,22.5,2018
Germany,DEU,2010,28.3,,22.5,2018
Germany,DEU,2015,24.9,Europe,22.5,2018
Germany,DEU,2018,22.5,,22.5,2018
Germany,DEU,2019,22.5,,22.5,2018
Germany,DEU,2020,22,,22.5,2018
Ghana,GHA,2000,7,,3.6,2018
Ghana,GHA,2005,5.9,,3.6,2018
Ghana,GHA,2010,4.9,,3.6,2018
Ghana,GHA,2015,4.2,Africa,3.6,2018
Ghana,GHA,2018,3.6,,3.6,2018
Ghana,GHA,2019,3.6,,3.6,2018
Ghana,GHA,2020,3.5,,3.6,2018
Gibraltar,GIB,2015,,Europe,,
Greece,GRC,2000,54.9,,34.5,2018
Greece,GRC,2005,48.5,,34.5,2018
Greece,GRC,2010,42.9,,34.5,2018
Greece,GRC,2015,37.9,Europe,34.5,2018
Greece,GRC,2018,34.5,,34.5,2018
Greece,GRC,2019,34.5,,34.5,2018
Greece,GRC,2020,33.5,,34.5,2018
Greenland,GRL,2015,,North America,,
Grenada,GRD,2015,,North America,,
Guadeloupe,GLP,2015,,North America,,
Guam,GUM,2015,,Oceania,,
Guatemala,GTM,2000,14.3,,11,2018
Guatemala,GTM,2005,13.4,,11,2018
Guatemala,GTM,2010,12.5,,11,2018
Guatemala,GTM,2015,11.6,North America,11,2018
Guatemala,GTM,2018,11,,11,2018
Guatemala,GTM,2019,11,,11,2018
Guatemala,GTM,2020,10.9,,11,2018
Guernsey,GGY,2015,,Europe,,
Guinea,GIN,2015,,Africa,,
Guinea-Bissau,GNB,2000,18,,9.3,2018
Guinea-Bissau,GNB,2005,15,,9.3,2018
Guinea-Bissau,GNB,2010,12.7,,9.3,2018
Guinea-Bissau,GNB,2015,10.7,Africa,9.3,2018
Guinea-Bissau,GNB,2018,9.3,,9.3,2018
Guinea-Bissau,GNB,2019,9.3,,9.3,2018
Guinea-Bissau,GNB,2020,9,,9.3,2018
Guyana,GUY,2000,30.2,,12.6,2018
Guyana,GUY,2005,24.1,,12.6,2018
Guyana,GUY,2010,19.1,,12.6,2018
Guyana,GUY,2015,15.1,South America,12.6,2018
Guyana,GUY,2018,12.6,,12.6,2018
Guyana,GUY,2019,12.6,,12.6,2018
Guyana,GUY,2020,12.1,,12.6,2018
Haiti,HTI,2000,12.3,,7.9,2018
Haiti,HTI,2005,10.9,,7.9,2018
Haiti,HTI,2010,9.7,,7.9,2018
Haiti,HTI,2015,8.6,North America,7.9,2018
Haiti,HTI,2018,7.9,,7.9,2018
Haiti,HTI,2019,7.9,,7.9,2018
Haiti,HTI,2020,7.7,,7.9,2018
Hanover,OWID_HAN,2015,,Europe,,
Heard Island and McDonald Islands,HMD,2015,,Antarctica,,
Hesse Electoral,OWID_HSE,2015,,Europe,,
Hesse Grand Ducal,OWID_HSG,2015,,Europe,,
High-income countries,,2000,33.968254,,22.876205,2018
High-income countries,,2005,30.502337,,22.876205,2018
High-income countries,,2010,27.469202,,22.876205,2018
High-income countries,,2015,24.747492,,22.876205,2018
High-income countries,,2018,22.876205,,22.876205,2018
High-income countries,,2019,22.86429,,22.876205,2018
High-income countries,,2020,22.44381,,22.876205,2018
Honduras,HND,2015,,North America,,
Hong Kong,HKG,2015,,Asia,,
Hungary,HUN,2000,37.4,,32.2,2018
Hungary,HUN,2005,35.9,,32.2,2018
Hungary,HUN,2010,34.6,,32.2,2018
Hungary,HUN,2015,33.2,Europe,32.2,2018
Hungary,HUN,2018,32.2,,32.2,2018
Hungary,HUN,2019,32.2,,32.2,2018
Hungary,HUN,2020,31.8,,32.2,2018
Iceland,ISL,2000,30.2,,12.6,2018
Iceland,ISL,2005,24,,12.6,2018
Iceland,ISL,2010,19.1,,12.6,2018
Iceland,ISL,2015,15.2,Europe,12.6,2018
Iceland,ISL,2018,12.6,,12.6,2018
Iceland,ISL,2019,12.6,,12.6,2018
Iceland,ISL,2020,12,,12.6,2018
India,IND,2000,54.5,,28.1,2018
India,IND,2005,45.5,,28.1,2018
India,IND,2010,38.1,,28.1,2018
India,IND,2015,32.2,Asia,28.1,2018
India,IND,2018,28.1,,28.1,2018
India,IND,2019,28.1,,28.1,2018
India,IND,2020,27.2,,28.1,2018
Indonesia,IDN,2000,35.4,,37.2,2018
Indonesia,IDN,2005,35.8,,37.2,2018
Indonesia,IDN,2010,36.3,,37.2,2018
Indonesia,IDN,2015,36.7,Asia,37.2,2018
Indonesia,IDN,2018,37.2,,37.2,2018
Indonesia,IDN,2019,37.2,,37.2,2018
Indonesia,IDN,2020,37.6,,37.2,2018
Iran,IRN,2000,21.5,,14,2018
Iran,IRN,2005,19,,14,2018
Iran,IRN,2010,17,,14,2018
Iran,IRN,2015,15.3,Asia,14,2018
Iran,IRN,2018,14,,14,2018
Iran,IRN,2019,14,,14,2018
Iran,IRN,2020,13.6,,14,2018
Iraq,IRQ,2000,22,,18.8,2018
Iraq,IRQ,2005,20.6,,18.8,2018
Iraq,IRQ,2010,19.9,,18.8,2018
Iraq,IRQ,2015,19.1,Asia,18.8,2018
Iraq,IRQ,2018,18.8,,18.8,2018
Iraq,IRQ,2019,18.8,,18.8,2018
Iraq,IRQ,2020,18.5,,18.8,2018
Ireland,IRL,2000,35.6,,21.4,2018
Ireland,IRL,2005,31.2,,21.4,2018
Ireland,IRL,2010,27.1,,21.4,2018
Ireland,IRL,2015,23.8,Europe,21.4,2018
Ireland,IRL,2018,21.4,,21.4,2018
Ireland,IRL,2019,21.4,,21.4,2018
Ireland,IRL,2020,20.8,,21.4,2018
Isle of Man,IMN,2015,,Europe,,
Israel,ISR,2000,31.7,,21.6,2018
Israel,ISR,2005,28.6,,21.6,2018
Israel,ISR,2010,25.9,,21.6,2018
Israel,ISR,2015,23.4,Asia,21.6,2018
Israel,ISR,2018,21.6,,21.6,2018
Israel,ISR,2019,21.6,,21.6,2018
Israel,ISR,2020,21.2,,21.6,2018
Italy,ITA,2000,26.2,,23.3,2018
Italy,ITA,2005,25.3,,23.3,2018
Italy,ITA,2010,24.5,,23.3,2018
Italy,ITA,2015,23.8,Europe,23.3,2018
Italy,ITA,2018,23.3,,23.3,2018
Italy,ITA,2019,23.3,,23.3,2018
Italy,ITA,2020,23.1,,23.3,2018
Jamaica,JAM,2000,17.4,,9.7,2018
Jamaica,JAM,2005,14.9,,9.7,2018
Jamaica,JAM,2010,12.8,,9.7,2018
Jamaica,JAM,2015,11,North America,9.7,2018
Jamaica,JAM,2018,9.7,,9.7,2018
Jamaica,JAM,2019,9.7,,9.7,2018
Jamaica,JAM,2020,9.4,,9.7,2018
Japan,JPN,2000,33.3,,20.5,2018
Japan,JPN,2005,29.4,,20.5,2018
Japan,JPN,2010,25.8,,20.5,2018
Japan,JPN,2015,22.7,Asia,20.5,2018
Japan,JPN,2018,20.5,,20.5,2018
Japan,JPN,2019,20.5,,20.5,2018
Japan,JPN,2020,20.1,,20.5,2018
Jersey,JEY,2015,,Europe,,
Jordan,JOR,2000,30.7,,34.6,2018
Jordan,JOR,2005,31.7,,34.6,2018
Jordan,JOR,2010,32.6,,34.6,2018
Jordan,JOR,2015,33.7,Asia,34.6,2018
Jordan,JOR,2018,34.6,,34.6,2018
Jordan,JOR,2019,34.6,,34.6,2018
Jordan,JOR,2020,34.8,,34.6,2018
Kazakhstan,KAZ,2000,34.2,,23.5,2018
Kazakhstan,KAZ,2005,30.9,,23.5,2018
Kazakhstan,KAZ,2010,28.1,,23.5,2018
Kazakhstan,KAZ,2015,25.4,Asia,23.5,2018
Kazakhstan,KAZ,2018,23.5,,23.5,2018
Kazakhstan,KAZ,2019,23.5,,23.5,2018
Kazakhstan,KAZ,2020,23.2,,23.5,2018
Kenya,KEN,2000,19.3,,11.5,2018
Kenya,KEN,2005,16.8,,11.5,2018
Kenya,KEN,2010,14.7,,11.5,2018
Kenya,KEN,2015,12.8,Africa,11.5,2018
Kenya,KEN,2018,11.5,,11.5,2018
Kenya,KEN,2019,11.5,,11.5,2018
Kenya,KEN,2020,11.1,,11.5,2018
Kiribati,KIR,2000,68.5,,41.7,2018
Kiribati,KIR,2005,60.4,,41.7,2018
Kiribati,KIR,2010,52.7,,41.7,2018
Kiribati,KIR,2015,46.4,Oceania,41.7,2018
Kiribati,KIR,2018,41.7,,41.7,2018
Kiribati,KIR,2019,41.7,,41.7,2018
Kiribati,KIR,2020,40.6,,41.7,2018
Korea (former),OWID_KRU,2015,,Asia,,
Kosovo,OWID_KOS,2015,,Europe,,
Kuwait,KWT,2000,20,,17.9,2018
Kuwait,KWT,2005,19.5,,17.9,2018
Kuwait,KWT,2010,18.9,,17.9,2018
Kuwait,KWT,2015,18.3,Asia,17.9,2018
Kuwait,KWT,2018,17.9,,17.9,2018
Kuwait,KWT,2019,17.9,,17.9,2018
Kuwait,KWT,2020,17.9,,17.9,2018
Kyrgyzstan,KGZ,2000,31.4,,27.6,2018
Kyrgyzstan,KGZ,2005,30.3,,27.6,2018
Kyrgyzstan,KGZ,2010,29.4,,27.6,2018
Kyrgyzstan,KGZ,2015,28.4,Asia,27.6,2018
Kyrgyzstan,KGZ,2018,27.6,,27.6,2018
Kyrgyzstan,KGZ,2019,27.6,,27.6,2018
Kyrgyzstan,KGZ,2020,25.4,,27.6,2018
Laos,LAO,2000,52.5,,32.5,2018
Laos,LAO,2005,46.2,,32.5,2018
Laos,LAO,2010,40.5,,32.5,2018
Laos,LAO,2015,35.8,Asia,32.5,2018
Laos,LAO,2018,32.5,,32.5,2018
Laos,LAO,2019,32.5,,32.5,2018
Laos,LAO,2020,31.8,,32.5,2018
Latin America and Caribbean (WB),,2000,25.142626,,13.853391,2018
Latin America and Caribbean (WB),,2005,21.398695,,13.853391,2018
Latin America and Caribbean (WB),,2010,18.232346,,13.853391,2018
Latin America and Caribbean (WB),,2015,15.626261,,13.853391,2018
Latin America and Caribbean (WB),,2018,13.853391,,13.853391,2018
Latin America and Caribbean (WB),,2019,13.84624,,13.853391,2018
Latin America and Caribbean (WB),,2020,13.45397,,13.853391,2018
Latvia,LVA,2000,43.8,,37.2,2018
Latvia,LVA,2005,41.9,,37.2,2018
Latvia,LVA,2010,40.1,,37.2,2018
Latvia,LVA,2015,38.5,Europe,37.2,2018
Latvia,LVA,2018,37.2,,37.2,2018
Latvia,LVA,2019,37.2,,37.2,2018
Latvia,LVA,2020,37,,37.2,2018
Lebanon,LBN,2000,40.2,,38.4,2018
Lebanon,LBN,2005,39.7,,38.4,2018
Lebanon,LBN,2010,39.1,,38.4,2018
Lebanon,LBN,2015,38.7,Asia,38.4,2018
Lebanon,LBN,2018,38.4,,38.4,2018
Lebanon,LBN,2019,38.4,,38.4,2018
Lebanon,LBN,2020,38.2,,38.4,2018
Lesotho,LSO,2000,31.1,,24.4,2018
Lesotho,LSO,2005,28.9,,24.4,2018
Lesotho,LSO,2010,27.2,,24.4,2018
Lesotho,LSO,2015,25.6,Africa,24.4,2018
Lesotho,LSO,2018,24.4,,24.4,2018
Lesotho,LSO,2019,24.4,,24.4,2018
Lesotho,LSO,2020,24.3,,24.4,2018
Liberia,LBR,2000,16.3,,8.4,2018
Liberia,LBR,2005,13.6,,8.4,2018
Liberia,LBR,2010,11.5,,8.4,2018
Liberia,LBR,2015,9.6,Africa,8.4,2018
Liberia,LBR,2018,8.4,,8.4,2018
Liberia,LBR,2019,8.4,,8.4,2018
Liberia,LBR,2020,8.2,,8.4,2018
Libya,LBY,2015,,Africa,,
Liechtenstein,LIE,2015,,Europe,,
Lithuania,LTU,2000,41.4,,32.3,2018
Lithuania,LTU,2005,38.9,,32.3,2018
Lithuania,LTU,2010,36.4,,32.3,2018
Lithuania,LTU,2015,34,Europe,32.3,2018
Lithuania,LTU,2018,32.3,,32.3,2018
Lithuania,LTU,2019,32.3,,32.3,2018
Lithuania,LTU,2020,32,,32.3,2018
Low-income countries,,2000,21.742748,,12.865408,2018
Low-income countries,,2005,18.798496,,12.865408,2018
Low-income countries,,2010,16.31656,,12.865408,2018
Low-income countries,,2015,14.271255,,12.865408,2018
Low-income countries,,2018,12.865408,,12.865408,2018
Low-income countries,,2019,12.851701,,12.865408,2018
Low-income countries,,2020,12.524937,,12.865408,2018
Lower-middle-income countries,,2000,42.564846,,25.391785,2018
Lower-middle-income countries,,2005,36.80788,,25.391785,2018
Lower-middle-income countries,,2010,31.996752,,25.391785,2018
Lower-middle-income countries,,2015,28.107618,,25.391785,2018
Lower-middle-income countries,,2018,25.391785,,25.391785,2018
Lower-middle-income countries,,2019,25.362516,,25.391785,2018
Lower-middle-income countries,,2020,24.774025,,25.391785,2018
Luxembourg,LUX,2000,31,,21.6,2018
Luxembourg,LUX,2005,28.2,,21.6,2018
Luxembourg,LUX,2010,25.6,,21.6,2018
Luxembourg,LUX,2015,23.2,Europe,21.6,2018
Luxembourg,LUX,2018,21.6,,21.6,2018
Luxembourg,LUX,2019,21.6,,21.6,2018
Luxembourg,LUX,2020,21.1,,21.6,2018
Macao,MAC,2015,,Asia,,
Madagascar,MDG,2000,46.7,,28.4,2018
Madagascar,MDG,2005,40.7,,28.4,2018
Madagascar,MDG,2010,35.4,,28.4,2018
Madagascar,MDG,2015,31.3,Africa,28.4,2018
Madagascar,MDG,2018,28.4,,28.4,2018
Madagascar,MDG,2019,28.4,,28.4,2018
Madagascar,MDG,2020,27.8,,28.4,2018
Malawi,MWI,2000,24.1,,11.3,2018
Malawi,MWI,2005,19.5,,11.3,2018
Malawi,MWI,2010,16,,11.3,2018
Malawi,MWI,2015,13.1,Africa,11.3,2018
Malawi,MWI,2018,11.3,,11.3,2018
Malawi,MWI,2019,11.3,,11.3,2018
Malawi,MWI,2020,10.8,,11.3,2018
Malaysia,MYS,2000,29.5,,22.8,2018
Malaysia,MYS,2005,27.5,,22.8,2018
Malaysia,MYS,2010,25.6,,22.8,2018
Malaysia,MYS,2015,23.9,Asia,22.8,2018
Malaysia,MYS,2018,22.8,,22.8,2018
Malaysia,MYS,2019,22.8,,22.8,2018
Malaysia,MYS,2020,22.5,,22.8,2018
Maldives,MDV,2000,38.3,,25.9,2018
Maldives,MDV,2005,34.1,,25.9,2018
Maldives,MDV,2010,30.6,,25.9,2018
Maldives,MDV,2015,27.6,Asia,25.9,2018
Maldives,MDV,2018,25.9,,25.9,2018
Maldives,MDV,2019,25.9,,25.9,2018
Maldives,MDV,2020,25.2,,25.9,2018
Mali,MLI,2000,16.3,,8.6,2018
Mali,MLI,2005,13.8,,8.6,2018
Mali,MLI,2010,11.6,,8.6,2018
Mali,MLI,2015,9.9,Africa,8.6,2018
Mali,MLI,2018,8.6,,8.6,2018
Mali,MLI,2019,8.6,,8.6,2018
Mali,MLI,2020,8.3,,8.6,2018
Malta,MLT,2000,34.3,,24.5,2018
Malta,MLT,2005,31.4,,24.5,2018
Malta,MLT,2010,28.6,,24.5,2018
Malta,MLT,2015,26.3,Europe,24.5,2018
Malta,MLT,2018,24.5,,24.5,2018
Malta,MLT,2019,24.5,,24.5,2018
Malta,MLT,2020,24,,24.5,2018
Marshall Islands,MHL,2000,28.5,,28.4,2018
Marshall Islands,MHL,2005,28.4,,28.4,2018
Marshall Islands,MHL,2010,28.4,,28.4,2018
Marshall Islands,MHL,2015,28.4,Oceania,28.4,2018
Marshall Islands,MHL,2018,28.4,,28.4,2018
Marshall Islands,MHL,2019,28.4,,28.4,2018
Marshall Islands,MHL,2020,28.5,,28.4,2018
Martinique,MTQ,2015,,North America,,
Mauritania,MRT,2000,21.3,,11.1,2018
Mauritania,MRT,2005,17.9,,11.1,2018
Mauritania,MRT,2010,15.1,,11.1,2018
Mauritania,MRT,2015,12.6,Africa,11.1,2018
Mauritania,MRT,2018,11.1,,11.1,2018
Mauritania,MRT,2019,11.1,,11.1,2018
Mauritania,MRT,2020,10.7,,11.1,2018
Mauritius,MUS,2000,25.5,,20.5,2018
Mauritius,MUS,2005,24.1,,20.5,2018
Mauritius,MUS,2010,22.7,,20.5,2018
Mauritius,MUS,2015,21.4,Africa,20.5,2018
Mauritius,MUS,2018,20.5,,20.5,2018
Mauritius,MUS,2019,20.5,,20.5,2018
Mauritius,MUS,2020,20.2,,20.5,2018
Mayotte,MYT,2015,,Africa,,
Mecklenburg Schwerin,OWID_MEC,2015,,Europe,,
Mexico,MEX,2000,24,,13.4,2018
Mexico,MEX,2005,20.6,,13.4,2018
Mexico,MEX,2010,17.7,,13.4,2018
Mexico,MEX,2015,15.2,North America,13.4,2018
Mexico,MEX,2018,13.4,,13.4,2018
Mexico,MEX,2019,13.4,,13.4,2018
Mexico,MEX,2020,13.1,,13.4,2018
Micronesia (country),FSM,2015,,Oceania,,
Middle East and North Africa (WB),,2000,23.187384,,19.33419,2018
Middle East and North Africa (WB),,2005,21.832952,,19.33419,2018
Middle East and North Africa (WB),,2010,20.76682,,19.33419,2018
Middle East and North Africa (WB),,2015,19.940012,,19.33419,2018
Middle East and North Africa (WB),,2018,19.33419,,19.33419,2018
Middle East and North Africa (WB),,2019,19.333792,,19.33419,2018
Middle East and North Africa (WB),,2020,19.158236,,19.33419,2018
Middle-income countries,,2000,34.91547,,24.358316,2018
Middle-income countries,,2005,31.53706,,24.358316,2018
Middle-income countries,,2010,28.589748,,24.358316,2018
Middle-income countries,,2015,26.12235,,24.358316,2018
Middle-income countries,,2018,24.358316,,24.358316,2018
Middle-income countries,,2019,24.336102,,24.358316,2018
Middle-income countries,,2020,23.92529,,24.358316,2018
Modena,OWID_MOD,2015,,Europe,,
Moldova,MDA,2000,25.3,,28.7,2018
Moldova,MDA,2005,26,,28.7,2018
Moldova,MDA,2010,26.9,,28.7,2018
Moldova,MDA,2015,27.9,Europe,28.7,2018
Moldova,MDA,2018,28.7,,28.7,2018
Moldova,MDA,2019,28.7,,28.7,2018
Moldova,MDA,2020,29,,28.7,2018
Monaco,MCO,2015,,Europe,,
Mongolia,MNG,2000,34.1,,29.6,2018
Mongolia,MNG,2005,32.9,,29.6,2018
Mongolia,MNG,2010,31.6,,29.6,2018
Mongolia,MNG,2015,30.6,Asia,29.6,2018
Mongolia,MNG,2018,29.6,,29.6,2018
Mongolia,MNG,2019,29.6,,29.6,2018
Mongolia,MNG,2020,29.4,,29.6,2018
Montenegro,MNE,2000,38.7,,31.8,2018
Montenegro,MNE,2005,36.7,,31.8,2018
Montenegro,MNE,2010,34.9,,31.8,2018
Montenegro,MNE,2015,33.1,Europe,31.8,2018
Montenegro,MNE,2018,31.8,,31.8,2018
Montenegro,MNE,2019,31.8,,31.8,2018
Montenegro,MNE,2020,31.4,,31.8,2018
Montserrat,MSR,2015,,North America,,
Morocco,MAR,2000,22.5,,14.9,2018
Morocco,MAR,2005,20.1,,14.9,2018
Morocco,MAR,2010,18.1,,14.9,2018
Morocco,MAR,2015,16.2,Africa,14.9,2018
Morocco,MAR,2018,14.9,,14.9,2018
Morocco,MAR,2019,14.9,,14.9,2018
Morocco,MAR,2020,14.5,,14.9,2018
Mozambique,MOZ,2000,29.4,,14.8,2018
Mozambique,MOZ,2005,24.5,,14.8,2018
Mozambique,MOZ,2010,20.5,,14.8,2018
Mozambique,MOZ,2015,17,Africa,14.8,2018
Mozambique,MOZ,2018,14.8,,14.8,2018
Mozambique,MOZ,2019,14.8,,14.8,2018
Mozambique,MOZ,2020,14.3,,14.8,2018
Myanmar,MMR,2000,66.9,,45.1,2018
Myanmar,MMR,2005,60.6,,45.1,2018
Myanmar,MMR,2010,54.6,,45.1,2018
Myanmar,MMR,2015,48.8,Asia,45.1,2018
Myanmar,MMR,2018,45.1,,45.1,2018
Myanmar,MMR,2019,45.1,,45.1,2018
Myanmar,MMR,2020,44.1,,45.1,2018
Nagorno-Karabakh,OWID_NAG,2015,,Asia,,
Namibia,NAM,2000,25.6,,15.5,2018
Namibia,NAM,2005,22.3,,15.5,2018
Namibia,NAM,2010,19.5,,15.5,2018
Namibia,NAM,2015,17.1,Africa,15.5,2018
Namibia,NAM,2018,15.5,,15.5,2018
Namibia,NAM,2019,15.5,,15.5,2018
Namibia,NAM,2020,15.1,,15.5,2018
Nauru,NRU,2000,63.4,,49.2,2018
Nauru,NRU,2005,59.2,,49.2,2018
Nauru,NRU,2010,55.5,,49.2,2018
Nauru,NRU,2015,51.8,Oceania,49.2,2018
Nauru,NRU,2018,49.2,,49.2,2018
Nauru,NRU,2019,49.2,,49.2,2018
Nauru,NRU,2020,48.5,,49.2,2018
Nepal,NPL,2000,64.5,,31.5,2018
Nepal,NPL,2005,53.5,,31.5,2018
Nepal,NPL,2010,43.6,,31.5,2018
Nepal,NPL,2015,36,Asia,31.5,2018
Nepal,NPL,2018,31.5,,31.5,2018
Nepal,NPL,2019,31.5,,31.5,2018
Nepal,NPL,2020,30.4,,31.5,2018
Netherlands,NLD,2000,34.3,,22.6,2018
Netherlands,NLD,2005,30.6,,22.6,2018
Netherlands,NLD,2010,27.5,,22.6,2018
Netherlands,NLD,2015,24.6,Europe,22.6,2018
Netherlands,NLD,2018,22.6,,22.6,2018
Netherlands,NLD,2019,22.6,,22.6,2018
Netherlands,NLD,2020,22.2,,22.6,2018
Netherlands Antilles,ANT,2015,,North America,,
New Caledonia,NCL,2015,,Oceania,,
New Zealand,NZL,2000,29.6,,14.2,2018
New Zealand,NZL,2005,24.3,,14.2,2018
New Zealand,NZL,2010,20.1,,14.2,2018
New Zealand,NZL,2015,16.5,Oceania,14.2,2018
New Zealand,NZL,2018,14.2,,14.2,2018
New Zealand,NZL,2019,14.2,,14.2,2018
New Zealand,NZL,2020,13.7,,14.2,2018
Nicaragua,NIC,2015,,North America,,
Niger,NER,2000,9.7,,7.6,2018
Niger,NER,2005,9,,7.6,2018
Niger,NER,2010,8.4,,7.6,2018
Niger,NER,2015,7.9,Africa,7.6,2018
Niger,NER,2018,7.6,,7.6,2018
Niger,NER,2019,7.6,,7.6,2018
Niger,NER,2020,7.4,,7.6,2018
Nigeria,NGA,2000,9.3,,3.9,2018
Nigeria,NGA,2005,7.4,,3.9,2018
Nigeria,NGA,2010,5.9,,3.9,2018
Nigeria,NGA,2015,4.7,Africa,3.9,2018
Nigeria,NGA,2018,3.9,,3.9,2018
Nigeria,NGA,2019,3.9,,3.9,2018
Nigeria,NGA,2020,3.7,,3.9,2018
Niue,NIU,2015,,Oceania,,
Norfolk Island,NFK,2015,,Oceania,,
North America (WB),,2000,33.25673,,22.370716,2018
North America (WB),,2005,29.85811,,22.370716,2018
North America (WB),,2010,27.106386,,22.370716,2018
North America (WB),,2015,24.316084,,22.370716,2018
North America (WB),,2018,22.370716,,22.370716,2018
North America (WB),,2019,22.362513,,22.370716,2018
North America (WB),,2020,21.940834,,22.370716,2018
North Korea,PRK,2000,28.5,,17.8,2018
North Korea,PRK,2005,25.2,,17.8,2018
North Korea,PRK,2010,22.3,,17.8,2018
North Korea,PRK,2015,19.6,Asia,17.8,2018
North Korea,PRK,2018,17.8,,17.8,2018
North Korea,PRK,2019,17.8,,17.8,2018
North Korea,PRK,2020,17.4,,17.8,2018
North Macedonia,MKD,2015,,Europe,,
Northern Cyprus,OWID_CYN,2015,,Asia,,
Northern Mariana Islands,MNP,2015,,Oceania,,
Norway,NOR,2000,44,,17.1,2018
Norway,NOR,2005,34.3,,17.1,2018
Norway,NOR,2010,26.7,,17.1,2018
Norway,NOR,2015,20.7,Europe,17.1,2018
Norway,NOR,2018,17.1,,17.1,2018
Norway,NOR,2019,17.1,,17.1,2018
Norway,NOR,2020,16.2,,17.1,2018
Oman,OMN,2000,7.6,,7.9,2018
Oman,OMN,2005,7.7,,7.9,2018
Oman,OMN,2010,7.7,,7.9,2018
Oman,OMN,2015,7.8,Asia,7.9,2018
Oman,OMN,2018,7.9,,7.9,2018
Oman,OMN,2019,7.9,,7.9,2018
Oman,OMN,2020,8,,7.9,2018
Pakistan,PAK,2000,37.5,,20.8,2018
Pakistan,PAK,2005,31.9,,20.8,2018
Pakistan,PAK,2010,27.4,,20.8,2018
Pakistan,PAK,2015,23.6,Asia,20.8,2018
Pakistan,PAK,2018,20.8,,20.8,2018
Pakistan,PAK,2019,20.8,,20.8,2018
Pakistan,PAK,2020,20.2,,20.8,2018
Palau,PLW,2000,26.1,,17.9,2018
Palau,PLW,2005,23.7,,17.9,2018
Palau,PLW,2010,21.4,,17.9,2018
Palau,PLW,2015,19.4,Oceania,17.9,2018
Palau,PLW,2018,17.9,,17.9,2018
Palau,PLW,2019,17.9,,17.9,2018
Palau,PLW,2020,17.6,,17.9,2018
Palestine,PSE,2015,,Asia,,
Panama,PAN,2000,13.4,,5.3,2018
Panama,PAN,2005,10.5,,5.3,2018
Panama,PAN,2010,8.2,,5.3,2018
Panama,PAN,2015,6.4,North America,5.3,2018
Panama,PAN,2018,5.3,,5.3,2018
Panama,PAN,2019,5.3,,5.3,2018
Panama,PAN,2020,5,,5.3,2018
Papua New Guinea,PNG,2000,54.1,,39.9,2018
Papua New Guinea,PNG,2005,49.7,,39.9,2018
Papua New Guinea,PNG,2010,45.9,,39.9,2018
Papua New Guinea,PNG,2015,42.5,Oceania,39.9,2018
Papua New Guinea,PNG,2018,39.9,,39.9,2018
Papua New Guinea,PNG,2019,39.9,,39.9,2018
Papua New Guinea,PNG,2020,39.3,,39.9,2018
Paraguay,PRY,2000,29.1,,12.1,2018
Paraguay,PRY,2005,23,,12.1,2018
Paraguay,PRY,2010,18.2,,12.1,2018
Paraguay,PRY,2015,14.5,South America,12.1,2018
Paraguay,PRY,2018,12.1,,12.1,2018
Paraguay,PRY,2019,12.1,,12.1,2018
Paraguay,PRY,2020,11.5,,12.1,2018
Parma,OWID_PMA,2015,,Europe,,
Peru,PER,2000,32.9,,8.7,2018
Peru,PER,2005,23.1,,8.7,2018
Peru,PER,2010,16.3,,8.7,2018
Peru,PER,2015,11.5,South America,8.7,2018
Peru,PER,2018,8.7,,8.7,2018
Peru,PER,2019,8.7,,8.7,2018
Peru,PER,2020,8.1,,8.7,2018
Philippines,PHL,2000,34.9,,23.4,2018
Philippines,PHL,2005,31.6,,23.4,2018
Philippines,PHL,2010,28.3,,23.4,2018
Philippines,PHL,2015,25.4,Asia,23.4,2018
Philippines,PHL,2018,23.4,,23.4,2018
Philippines,PHL,2019,23.4,,23.4,2018
Philippines,PHL,2020,22.9,,23.4,2018
Pitcairn,PCN,2015,,Oceania,,
Poland,POL,2000,39.6,,24.7,2018
Poland,POL,2005,35,,24.7,2018
Poland,POL,2010,30.8,,24.7,2018
Poland,POL,2015,27.2,Europe,24.7,2018
Poland,POL,2018,24.7,,24.7,2018
Poland,POL,2019,24.7,,24.7,2018
Poland,POL,2020,24,,24.7,2018
Portugal,PRT,2000,25.7,,25.3,2018
Portugal,PRT,2005,25.3,,25.3,2018
Portugal,PRT,2010,25.3,,25.3,2018
Portugal,PRT,2015,25.2,Europe,25.3,2018
Portugal,PRT,2018,25.3,,25.3,2018
Portugal,PRT,2019,25.3,,25.3,2018
Portugal,PRT,2020,25.4,,25.3,2018
Puerto Rico,PRI,2015,,North America,,
Qatar,QAT,2000,13.5,,12,2018
Qatar,QAT,2005,13,,12,2018
Qatar,QAT,2010,12.6,,12,2018
Qatar,QAT,2015,12.2,Asia,12,2018
Qatar,QAT,2018,12,,12,2018
Qatar,QAT,2019,12,,12,2018
Qatar,QAT,2020,11.8,,12,2018
Republic of Vietnam,OWID_RVN,2015,,Asia,,
Reunion,REU,2015,,Africa,,
Romania,ROU,2000,35,,28.4,2018
Romania,ROU,2005,33.2,,28.4,2018
Romania,ROU,2010,31.4,,28.4,2018
Romania,ROU,2015,29.7,Europe,28.4,2018
Romania,ROU,2018,28.4,,28.4,2018
Romania,ROU,2019,28.4,,28.4,2018
Romania,ROU,2020,28,,28.4,2018
Russia,RUS,2000,33.3,,27.1,2018
Russia,RUS,2005,31.3,,27.1,2018
Russia,RUS,2010,29.8,,27.1,2018
Russia,RUS,2015,28.3,Europe,27.1,2018
Russia,RUS,2018,27.1,,27.1,2018
Russia,RUS,2019,27.1,,27.1,2018
Russia,RUS,2020,26.8,,27.1,2018
Rwanda,RWA,2000,24.8,,14.1,2018
Rwanda,RWA,2005,21.3,,14.1,2018
Rwanda,RWA,2010,18.5,,14.1,2018
Rwanda,RWA,2015,15.9,Africa,14.1,2018
Rwanda,RWA,2018,14.1,,14.1,2018
Rwanda,RWA,2019,14.1,,14.1,2018
Rwanda,RWA,2020,13.7,,14.1,2018
Saint Barthelemy,BLM,2015,,North America,,
Saint Helena,SHN,2015,,Africa,,
Saint Kitts and Nevis,KNA,2015,,North America,,
Saint Lucia,LCA,2015,,North America,,
Saint Martin (French part),MAF,2015,,North America,,
Saint Pierre and Miquelon,SPM,2015,,North America,,
Saint Vincent and the Grenadines,VCT,2015,,North America,,
Samoa,WSM,2000,39,,25.9,2018
Samoa,WSM,2005,35,,25.9,2018
Samoa,WSM,2010,31.4,,25.9,2018
Samoa,WSM,2015,28.1,Oceania,25.9,2018
Samoa,WSM,2018,25.9,,25.9,2018
Samoa,WSM,2019,25.9,,25.9,2018
Samoa,WSM,2020,25.3,,25.9,2018
San Marino,SMR,2015,,Europe,,
Sao Tome and Principe,STP,2000,7.8,,5.8,2018
Sao Tome and Principe,STP,2005,7.2,,5.8,2018
Sao Tome and Principe,STP,2010,6.6,,5.8,2018
Sao Tome and Principe,STP,2015,6.2,Africa,5.8,2018
Sao Tome and Principe,STP,2018,5.8,,5.8,2018
Sao Tome and Principe,STP,2019,5.8,,5.8,2018
Sao Tome and Principe,STP,2020,5.7,,5.8,2018
Saudi Arabia,SAU,2000,14.2,,14.2,2018
Saudi Arabia,SAU,2005,14.2,,14.2,2018
Saudi Arabia,SAU,2010,14.2,,14.2,2018
Saudi Arabia,SAU,2015,14.2,Asia,14.2,2018
Saudi Arabia,SAU,2018,14.2,,14.2,2018
Saudi Arabia,SAU,2019,14.2,,14.2,2018
Saudi Arabia,SAU,2020,14.3,,14.2,2018
Saxony,OWID_SAX,2015,,Europe,,
Senegal,SEN,2000,14.3,,7.1,2018
Senegal,SEN,2005,11.9,,7.1,2018
Senegal,SEN,2010,9.9,,7.1,2018
Senegal,SEN,2015,8.3,Africa,7.1,2018
Senegal,SEN,2018,7.1,,7.1,2018
Senegal,SEN,2019,7.1,,7.1,2018
Senegal,SEN,2020,6.9,,7.1,2018
Serbia,SRB,2000,45.1,,40.1,2018
Serbia,SRB,2005,43.7,,40.1,2018
Serbia,SRB,2010,42.3,,40.1,2018
Serbia,SRB,2015,40.9,Europe,40.1,2018
Serbia,SRB,2018,40.1,,40.1,2018
Serbia,SRB,2019,40.1,,40.1,2018
Serbia,SRB,2020,39.8,,40.1,2018
Serbia and Montenegro,OWID_SRM,2015,,Europe,,
Serbia excluding Kosovo,OWID_SEK,2015,,Europe,,
Seychelles,SYC,2000,28.7,,20.6,2018
Seychelles,SYC,2005,26.2,,20.6,2018
Seychelles,SYC,2010,24,,20.6,2018
Seychelles,SYC,2015,22.1,Africa,20.6,2018
Seychelles,SYC,2018,20.6,,20.6,2018
Seychelles,SYC,2019,20.6,,20.6,2018
Seychelles,SYC,2020,20.2,,20.6,2018
Sierra Leone,SLE,2000,43.7,,14.3,2018
Sierra Leone,SLE,2005,32.6,,14.3,2018
Sierra Leone,SLE,2010,24.3,,14.3,2018
Sierra Leone,SLE,2015,18.1,Africa,14.3,2018
Sierra Leone,SLE,2018,14.3,,14.3,2018
Sierra Leone,SLE,2019,14.3,,14.3,2018
Sierra Leone,SLE,2020,13.5,,14.3,2018
Singapore,SGP,2000,16.4,,16.6,2018
Singapore,SGP,2005,16.5,,16.6,2018
Singapore,SGP,2010,16.5,,16.6,2018
Singapore,SGP,2015,16.5,Asia,16.6,2018
Singapore,SGP,2018,16.6,,16.6,2018
Singapore,SGP,2019,16.6,,16.6,2018
Singapore,SGP,2020,16.5,,16.6,2018
Sint Maarten (Dutch part),SXM,2015,,North America,,
Slovakia,SVK,2000,32,,31.5,2018
Slovakia,SVK,2005,31.7,,31.5,2018
Slovakia,SVK,2010,31.6,,31.5,2018
Slovakia,SVK,2015,31.5,Europe,31.5,2018
Slovakia,SVK,2018,31.5,,31.5,2018
Slovakia,SVK,2019,31.5,,31.5,2018
Slovakia,SVK,2020,31.5,,31.5,2018
Slovenia,SVN,2000,25.1,,22.3,2018
Slovenia,SVN,2005,24.2,,22.3,2018
Slovenia,SVN,2010,23.5,,22.3,2018
Slovenia,SVN,2015,22.7,Europe,22.3,2018
Slovenia,SVN,2018,22.3,,22.3,2018
Slovenia,SVN,2019,22.3,,22.3,2018
Slovenia,SVN,2020,22,,22.3,2018
Solomon Islands,SLB,2000,43.5,,36.8,2018
Solomon Islands,SLB,2005,41.3,,36.8,2018
Solomon Islands,SLB,2010,39.6,,36.8,2018
Solomon Islands,SLB,2015,37.9,Oceania,36.8,2018
Solomon Islands,SLB,2018,36.8,,36.8,2018
Solomon Islands,SLB,2019,36.8,,36.8,2018
Solomon Islands,SLB,2020,36.5,,36.8,2018
Somalia,SOM,2015,,Africa,,
Somaliland,OWID_SML,2015,,Africa,,
South Africa,ZAF,2000,23.5,,20.4,2018
South Africa,ZAF,2005,22.5,,20.4,2018
South Africa,ZAF,2010,21.6,,20.4,2018
South Africa,ZAF,2015,21,Africa,20.4,2018
South Africa,ZAF,2018,20.4,,20.4,2018
South Africa,ZAF,2019,20.4,,20.4,2018
South Africa,ZAF,2020,20.3,,20.4,2018
South Asia (WB),,2000,52.6754,,27.886946,2018
South Asia (WB),,2005,44.246445,,27.886946,2018
South Asia (WB),,2010,37.280846,,27.886946,2018
South Asia (WB),,2015,31.7439,,27.886946,2018
South Asia (WB),,2018,27.886946,,27.886946,2018
South Asia (WB),,2019,27.885452,,27.886946,2018
South Asia (WB),,2020,27.06105,,27.886946,2018
South Georgia and the South Sandwich Islands,SGS,2015,,South America,,
South Korea,KOR,2000,35,,21.4,2018
South Korea,KOR,2005,30.7,,21.4,2018
South Korea,KOR,2010,27,,21.4,2018
South Korea,KOR,2015,23.8,Asia,21.4,2018
South Korea,KOR,2018,21.4,,21.4,2018
South Korea,KOR,2019,21.4,,21.4,2018
South Korea,KOR,2020,20.8,,21.4,2018
South Ossetia,OWID_SOS,2015,,Asia,,
South Sudan,SSD,2015,,Africa,,
Spain,ESP,2000,36.8,,28.1,2018
Spain,ESP,2005,34.3,,28.1,2018
Spain,ESP,2010,31.9,,28.1,2018
Spain,ESP,2015,29.7,Europe,28.1,2018
Spain,ESP,2018,28.1,,28.1,2018
Spain,ESP,2019,28.1,,28.1,2018
Spain,ESP,2020,27.7,,28.1,2018
Sri Lanka,LKA,2000,28.5,,22.3,2018
Sri Lanka,LKA,2005,26.5,,22.3,2018
Sri Lanka,LKA,2010,24.8,,22.3,2018
Sri Lanka,LKA,2015,23.3,Asia,22.3,2018
Sri Lanka,LKA,2018,22.3,,22.3,2018
Sri Lanka,LKA,2019,22.3,,22.3,2018
Sri Lanka,LKA,2020,22,,22.3,2018
Sub-Saharan Africa (WB),,2000,17.599329,,9.8765135,2018
Sub-Saharan Africa (WB),,2005,14.970186,,9.8765135,2018
Sub-Saharan Africa (WB),,2010,12.825787,,9.8765135,2018
Sub-Saharan Africa (WB),,2015,11.078596,,9.8765135,2018
Sub-Saharan Africa (WB),,2018,9.8765135,,9.8765135,2018
Sub-Saharan Africa (WB),,2019,9.863432,,9.8765135,2018
Sub-Saharan Africa (WB),,2020,9.578225,,9.8765135,2018
Sudan,SDN,2015,,Africa,,
Suriname,SUR,2015,,South America,,
Svalbard and Jan Mayen,SJM,2015,,Europe,,
Sweden,SWE,2000,43.8,,24.8,2018
Sweden,SWE,2005,37.6,,24.8,2018
Sweden,SWE,2010,32.3,,24.8,2018
Sweden,SWE,2015,27.9,Europe,24.8,2018
Sweden,SWE,2018,24.8,,24.8,2018
Sweden,SWE,2019,24.8,,24.8,2018
Sweden,SWE,2020,24,,24.8,2018
Switzerland,CHE,2000,28.3,,25.7,2018
Switzerland,CHE,2005,27.7,,25.7,2018
Switzerland,CHE,2010,26.9,,25.7,2018
Switzerland,CHE,2015,26.2,Europe,25.7,2018
Switzerland,CHE,2018,25.7,,25.7,2018
Switzerland,CHE,2019,25.7,,25.7,2018
Switzerland,CHE,2020,25.5,,25.7,2018
Syria,SYR,2015,,Asia,,
Taiwan,TWN,2015,,Asia,,
Tajikistan,TJK,2015,,Asia,,
Tanzania,TZA,2000,27.8,,9.2,2018
Tanzania,TZA,2005,20.7,,9.2,2018
Tanzania,TZA,2010,15.5,,9.2,2018
Tanzania,TZA,2015,11.6,Africa,9.2,2018
Tanzania,TZA,2018,9.2,,9.2,2018
Tanzania,TZA,2019,9.2,,9.2,2018
Tanzania,TZA,2020,8.7,,9.2,2018
Thailand,THA,2000,31.7,,22.5,2018
Thailand,THA,2005,28.8,,22.5,2018
Thailand,THA,2010,26.3,,22.5,2018
Thailand,THA,2015,24.1,Asia,22.5,2018
Thailand,THA,2018,22.5,,22.5,2018
Thailand,THA,2019,22.5,,22.5,2018
Thailand,THA,2020,22.1,,22.5,2018
Togo,TGO,2000,14.4,,7.1,2018
Togo,TGO,2005,11.9,,7.1,2018
Togo,TGO,2010,9.8,,7.1,2018
Togo,TGO,2015,8.2,Africa,7.1,2018
Togo,TGO,2018,7.1,,7.1,2018
Togo,TGO,2019,7.1,,7.1,2018
Togo,TGO,2020,6.8,,7.1,2018
Tokelau,TKL,2015,,Oceania,,
Tonga,TON,2000,33.5,,31.1,2018
Tonga,TON,2005,32.8,,31.1,2018
Tonga,TON,2010,32.1,,31.1,2018
Tonga,TON,2015,31.6,Oceania,31.1,2018
Tonga,TON,2018,31.1,,31.1,2018
Tonga,TON,2019,31.1,,31.1,2018
Tonga,TON,2020,31,,31.1,2018
Transnistria,OWID_TRS,2015,,Europe,,
Trinidad and Tobago,TTO,2015,,North America,,
Tunisia,TUN,2000,34.3,,25,2018
Tunisia,TUN,2005,31.6,,25,2018
Tunisia,TUN,2010,29,,25,2018
Tunisia,TUN,2015,26.6,Africa,25,2018
Tunisia,TUN,2018,25,,25,2018
Tunisia,TUN,2019,25,,25,2018
Tunisia,TUN,2020,24.6,,25,2018
Turkey,TUR,2000,32.9,,30.9,2018
Turkey,TUR,2005,32.2,,30.9,2018
Turkey,TUR,2010,31.7,,30.9,2018
Turkey,TUR,2015,31.1,Asia,30.9,2018
Turkey,TUR,2018,30.9,,30.9,2018
Turkey,TUR,2019,30.9,,30.9,2018
Turkey,TUR,2020,30.7,,30.9,2018
Turkmenistan,TKM,2000,12,,5.8,2018
Turkmenistan,TKM,2005,9.9,,5.8,2018
Turkmenistan,TKM,2010,8.2,,5.8,2018
Turkmenistan,TKM,2015,6.7,Asia,5.8,2018
Turkmenistan,TKM,2018,5.8,,5.8,2018
Turkmenistan,TKM,2019,5.8,,5.8,2018
Turkmenistan,TKM,2020,5.5,,5.8,2018
Turks and Caicos Islands,TCA,2015,,North America,,
Tuscany,OWID_TUS,2015,,Europe,,
Tuvalu,TUV,2000,48.8,,36,2018
Tuvalu,TUV,2005,45.3,,36,2018
Tuvalu,TUV,2010,41.8,,36,2018
Tuvalu,TUV,2015,38.4,Oceania,36,2018
Tuvalu,TUV,2018,36,,36,2018
Tuvalu,TUV,2019,36,,36,2018
Tuvalu,TUV,2020,35.6,,36,2018
Two Sicilies,OWID_SIC,2015,,Europe,,
USSR,OWID_USS,2015,,Europe,,
Uganda,UGA,2000,24.7,,8.9,2018
Uganda,UGA,2005,18.8,,8.9,2018
Uganda,UGA,2010,14.3,,8.9,2018
Uganda,UGA,2015,10.9,Africa,8.9,2018
Uganda,UGA,2018,8.9,,8.9,2018
Uganda,UGA,2019,8.9,,8.9,2018
Uganda,UGA,2020,8.4,,8.9,2018
Ukraine,UKR,2000,37.7,,26.2,2018
Ukraine,UKR,2005,34.3,,26.2,2018
Ukraine,UKR,2010,31.1,,26.2,2018
Ukraine,UKR,2015,28.4,Europe,26.2,2018
Ukraine,UKR,2018,26.2,,26.2,2018
Ukraine,UKR,2019,26.2,,26.2,2018
Ukraine,UKR,2020,25.8,,26.2,2018
United Arab Emirates,ARE,2015,,Asia,,
United Kingdom,GBR,2000,37.9,,16.1,2018
United Kingdom,GBR,2005,30.1,,16.1,2018
United Kingdom,GBR,2010,24.1,,16.1,2018
United Kingdom,GBR,2015,19.3,Europe,16.1,2018
United Kingdom,GBR,2018,16.1,,16.1,2018
United Kingdom,GBR,2019,16.1,,16.1,2018
United Kingdom,GBR,2020,15.4,,16.1,2018
United States,USA,2000,33.8,,23.4,2018
United States,USA,2005,30.6,,23.4,2018
United States,USA,2010,28,,23.4,2018
United States,USA,2015,25.3,North America,23.4,2018
United States,USA,2018,23.4,,23.4,2018
United States,USA,2019,23.4,,23.4,2018
United States,USA,2020,23,,23.4,2018
United States Minor Outlying Islands,UMI,2015,,Oceania,,
United States Virgin Islands,VIR,2015,,North America,,
Upper-middle-income countries,,2000,27.407335,,23.170973,2018
Upper-middle-income countries,,2005,26.200441,,23.170973,2018
Upper-middle-income countries,,2010,24.97559,,23.170973,2018
Upper-middle-income countries,,2015,23.911661,,23.170973,2018
Upper-middle-income countries,,2018,23.170973,,23.170973,2018
Upper-middle-income countries,,2019,23.14513,,23.170973,2018
Upper-middle-income countries,,2020,22.930624,,23.170973,2018
Uruguay,URY,2000,35.3,,22,2018
Uruguay,URY,2005,31.2,,22,2018
Uruguay,URY,2010,27.5,,22,2018
Uruguay,URY,2015,24.3,South America,22,2018
Uruguay,URY,2018,22,,22,2018
Uruguay,URY,2019,22,,22,2018
Uruguay,URY,2020,21.5,,22,2018
Uzbekistan,UZB,2000,24.9,,17.8,2018
Uzbekistan,UZB,2005,22.7,,17.8,2018
Uzbekistan,UZB,2010,20.9,,17.8,2018
Uzbekistan,UZB,2015,19.1,Asia,17.8,2018
Uzbekistan,UZB,2018,17.8,,17.8,2018
Uzbekistan,UZB,2019,17.8,,17.8,2018
Uzbekistan,UZB,2020,17.6,,17.8,2018
Vanuatu,VUT,2000,25.6,,18.2,2018
Vanuatu,VUT,2005,23.3,,18.2,2018
Vanuatu,VUT,2010,21.3,,18.2,2018
Vanuatu,VUT,2015,19.4,Oceania,18.2,2018
Vanuatu,VUT,2018,18.2,,18.2,2018
Vanuatu,VUT,2019,18.2,,18.2,2018
Vanuatu,VUT,2020,17.8,,18.2,2018
Vatican,VAT,2015,,Europe,,
Venezuela,VEN,2015,,South America,,
Vietnam,VNM,2000,29.8,,25,2018
Vietnam,VNM,2005,28.3,,25,2018
Vietnam,VNM,2010,27,,25,2018
Vietnam,VNM,2015,26,Asia,25,2018
Vietnam,VNM,2018,25,,25,2018
Vietnam,VNM,2019,25,,25,2018
Vietnam,VNM,2020,24.8,,25,2018
Wallis and Futuna,WLF,2015,,Oceania,,
West Germany,OWID_GFR,2015,,Europe,,
Western Sahara,ESH,2015,,Africa,,
World,OWID_WRL,2000,34.15149,,23.42818,2018
World,OWID_WRL,2005,30.74883,,23.42818,2018
World,OWID_WRL,2010,27.767239,,23.42818,2018
World,OWID_WRL,2015,25.223902,,23.42818,2018
World,OWID_WRL,2018,23.42818,,23.42818,2018
World,OWID_WRL,2019,23.397316,,23.42818,2018
World,OWID_WRL,2020,22.978354,,23.42818,2018
Wuerttemburg,OWID_WRT,2015,,Europe,,
Yemen,YEM,2000,27.3,,20.5,2018
Yemen,YEM,2005,25.3,,20.5,2018
Yemen,YEM,2010,23.4,,20.5,2018
Yemen,YEM,2015,21.8,Asia,20.5,2018
Yemen,YEM,2018,20.5,,20.5,2018
Yemen,YEM,2019,20.5,,20.5,2018
Yemen,YEM,2020,20.3,,20.5,2018
Yemen Arab Republic,OWID_YAR,2015,,Asia,,
Yemen People's Republic,OWID_YPR,2015,,Asia,,
Yugoslavia,OWID_YGS,2015,,Europe,,
Zambia,ZMB,2000,19.9,,14.6,2018
Zambia,ZMB,2005,18.1,,14.6,2018
Zambia,ZMB,2010,16.7,,14.6,2018
Zambia,ZMB,2015,15.5,Africa,14.6,2018
Zambia,ZMB,2018,14.6,,14.6,2018
Zambia,ZMB,2019,14.6,,14.6,2018
Zambia,ZMB,2020,14.4,,14.6,2018
Zanzibar,OWID_ZAN,2015,,Africa,,
Zimbabwe,ZWE,2000,21,,12.1,2018
Zimbabwe,ZWE,2005,18.1,,12.1,2018
Zimbabwe,ZWE,2010,15.6,,12.1,2018
Zimbabwe,ZWE,2015,13.6,Africa,12.1,2018
Zimbabwe,ZWE,2018,12.1,,12.1,2018
Zimbabwe,ZWE,2019,12.1,,12.1,2018
Zimbabwe,ZWE,2020,11.7,,12.1,2018